<?xml version="1.0" encoding="UTF-8"?>
<rss version="2.0" xmlns:ror="http://rorweb.com/0.1/" >
<channel>
  <title>ROR Sitemap for https://amthucxeo.com/</title>
  <link>https://amthucxeo.com/</link>

<item>
     <link>https://amthucxeo.com/</link>
     <title>Ẩm Thực Xèo, Bánh Xèo Ngon Nhất Đà Nẵng, Bánh Xèo</title>
     <description>Ẩm thực Xèo, nhà hàng Bành Xèo nỗi tiếng nhất Đà Thành, không gian đẹp, bánh xèo có có 1-0-2, đến đà nẵng ăn gì, món ngon đà nẵng</description>
     <ror:updatePeriod></ror:updatePeriod>
     <ror:sortOrder>0</ror:sortOrder>
     <ror:resourceOf>sitemap</ror:resourceOf>
</item>
<item>
     <link>https://amthucxeo.com/en</link>
     <title>Ẩm Thực Xèo, Bánh Xèo Ngon Nhất Đà Nẵng, Bánh Xèo</title>
     <description>Ẩm thực Xèo, nhà hàng Bành Xèo nỗi tiếng nhất Đà Thành, không gian đẹp, bánh xèo có có 1-0-2, đến đà nẵng ăn gì, món ngon đà nẵng</description>
     <ror:updatePeriod></ror:updatePeriod>
     <ror:sortOrder>1</ror:sortOrder>
     <ror:resourceOf>sitemap</ror:resourceOf>
</item>
<item>
     <link>https://amthucxeo.com/kr</link>
     <title>Ẩm Thực Xèo, Bánh Xèo Ngon Nhất Đà Nẵng, Bánh Xèo</title>
     <description>Ẩm thực Xèo, nhà hàng Bành Xèo nỗi tiếng nhất Đà Thành, không gian đẹp, bánh xèo có có 1-0-2, đến đà nẵng ăn gì, món ngon đà nẵng</description>
     <ror:updatePeriod></ror:updatePeriod>
     <ror:sortOrder>1</ror:sortOrder>
     <ror:resourceOf>sitemap</ror:resourceOf>
</item>
<item>
     <link>https://amthucxeo.com/cn</link>
     <title>Ẩm Thực Xèo, Bánh Xèo Ngon Nhất Đà Nẵng, Bánh Xèo</title>
     <description>Ẩm thực Xèo, nhà hàng Bành Xèo nỗi tiếng nhất Đà Thành, không gian đẹp, bánh xèo có có 1-0-2, đến đà nẵng ăn gì, món ngon đà nẵng</description>
     <ror:updatePeriod></ror:updatePeriod>
     <ror:sortOrder>1</ror:sortOrder>
     <ror:resourceOf>sitemap</ror:resourceOf>
</item>
<item>
     <link>https://amthucxeo.com/am-thuc-xeo</link>
     <title>Ẩm Thực Xèo</title>
     <description>Ẩm Thực Xèo</description>
     <ror:updatePeriod></ror:updatePeriod>
     <ror:sortOrder>1</ror:sortOrder>
     <ror:resourceOf>sitemap</ror:resourceOf>
</item>
<item>
     <link>https://amthucxeo.com/thuc-don</link>
     <title>Thực đơn</title>
     <description>Thực đơn</description>
     <ror:updatePeriod></ror:updatePeriod>
     <ror:sortOrder>1</ror:sortOrder>
     <ror:resourceOf>sitemap</ror:resourceOf>
</item>
<item>
     <link>https://amthucxeo.com/goi-tron</link>
     <title>Gỏi trộn</title>
     <description>Gỏi trộn</description>
     <ror:updatePeriod></ror:updatePeriod>
     <ror:sortOrder>1</ror:sortOrder>
     <ror:resourceOf>sitemap</ror:resourceOf>
</item>
<item>
     <link>https://amthucxeo.com/goi-cuon</link>
     <title>Gỏi cuốn</title>
     <description>Gỏi cuốn</description>
     <ror:updatePeriod></ror:updatePeriod>
     <ror:sortOrder>1</ror:sortOrder>
     <ror:resourceOf>sitemap</ror:resourceOf>
</item>
<item>
     <link>https://amthucxeo.com/banh-cuon</link>
     <title>Bánh cuốn</title>
     <description>Bánh cuốn</description>
     <ror:updatePeriod></ror:updatePeriod>
     <ror:sortOrder>1</ror:sortOrder>
     <ror:resourceOf>sitemap</ror:resourceOf>
</item>
<item>
     <link>https://amthucxeo.com/banh-xeo</link>
     <title>Bánh xèo</title>
     <description>Bánh xèo</description>
     <ror:updatePeriod></ror:updatePeriod>
     <ror:sortOrder>1</ror:sortOrder>
     <ror:resourceOf>sitemap</ror:resourceOf>
</item>
<item>
     <link>https://amthucxeo.com/bun-my-pho</link>
     <title>Bún mỳ phở</title>
     <description>Bún mỳ phở</description>
     <ror:updatePeriod></ror:updatePeriod>
     <ror:sortOrder>1</ror:sortOrder>
     <ror:resourceOf>sitemap</ror:resourceOf>
</item>
<item>
     <link>https://amthucxeo.com/com</link>
     <title>Cơm</title>
     <description>Cơm</description>
     <ror:updatePeriod></ror:updatePeriod>
     <ror:sortOrder>1</ror:sortOrder>
     <ror:resourceOf>sitemap</ror:resourceOf>
</item>
<item>
     <link>https://amthucxeo.com/canh</link>
     <title>Canh</title>
     <description>Canh</description>
     <ror:updatePeriod></ror:updatePeriod>
     <ror:sortOrder>1</ror:sortOrder>
     <ror:resourceOf>sitemap</ror:resourceOf>
</item>
<item>
     <link>https://amthucxeo.com/thuc-uong</link>
     <title>Thức uống</title>
     <description>Thức uống</description>
     <ror:updatePeriod></ror:updatePeriod>
     <ror:sortOrder>1</ror:sortOrder>
     <ror:resourceOf>sitemap</ror:resourceOf>
</item>
<item>
     <link>https://amthucxeo.com/trang-mieng</link>
     <title>Tráng miệng</title>
     <description>Tráng miệng</description>
     <ror:updatePeriod></ror:updatePeriod>
     <ror:sortOrder>1</ror:sortOrder>
     <ror:resourceOf>sitemap</ror:resourceOf>
</item>
<item>
     <link>https://amthucxeo.com/hinh-anh</link>
     <title>Hình ảnh</title>
     <description>Hình ảnh</description>
     <ror:updatePeriod></ror:updatePeriod>
     <ror:sortOrder>1</ror:sortOrder>
     <ror:resourceOf>sitemap</ror:resourceOf>
</item>
<item>
     <link>https://amthucxeo.com/video</link>
     <title>Video</title>
     <description>Video</description>
     <ror:updatePeriod></ror:updatePeriod>
     <ror:sortOrder>1</ror:sortOrder>
     <ror:resourceOf>sitemap</ror:resourceOf>
</item>
<item>
     <link>https://amthucxeo.com/tin-tuc</link>
     <title>Tin tức</title>
     <description>Tin tức</description>
     <ror:updatePeriod></ror:updatePeriod>
     <ror:sortOrder>1</ror:sortOrder>
     <ror:resourceOf>sitemap</ror:resourceOf>
</item>
<item>
     <link>https://amthucxeo.com/lien-he</link>
     <title>Liên hệ - Ẩm Thực Xèo, Bánh Xèo Ngon Nhất Đà Nẵng, Bánh Xèo</title>
     <description>Liên hệ - Ẩm thực Xèo, nhà hàng Bành Xèo nỗi tiếng nhất Đà Thành, không gian đẹp, bánh xèo có có 1-0-2, đến đà nẵng ăn gì, món ngon đà nẵng</description>
     <ror:updatePeriod></ror:updatePeriod>
     <ror:sortOrder>1</ror:sortOrder>
     <ror:resourceOf>sitemap</ror:resourceOf>
</item>
<item>
     <link>https://amthucxeo.com/den-da-nang-dung-quen-ghe-am-thuc-xeo</link>
     <title>Đến đà nẵng đừng quên ghé Ẩm Thực Xèo</title>
     <description>Đến đà nẵng đừng quên ghé Ẩm Thực Xèo</description>
     <ror:updatePeriod></ror:updatePeriod>
     <ror:sortOrder>1</ror:sortOrder>
     <ror:resourceOf>sitemap</ror:resourceOf>
</item>
<item>
     <link>https://amthucxeo.com/da-nang-xac-lap-ky-luc-banh-xeo-lon-nhat-vn</link>
     <title>Đà Nẵng xác lập kỷ lục Bánh Xèo lớn nhất VN</title>
     <description>Đà Nẵng xác lập kỷ lục Bánh Xèo lớn nhất VN</description>
     <ror:updatePeriod></ror:updatePeriod>
     <ror:sortOrder>1</ror:sortOrder>
     <ror:resourceOf>sitemap</ror:resourceOf>
</item>
<item>
     <link>https://amthucxeo.com/kham-pha-mien-am-thuc-phong-phu-da-nang</link>
     <title>Khám phá miền ẩm thực phong phú Đà Nẵng</title>
     <description>Khám phá miền ẩm thực phong phú Đà Nẵng</description>
     <ror:updatePeriod></ror:updatePeriod>
     <ror:sortOrder>1</ror:sortOrder>
     <ror:resourceOf>sitemap</ror:resourceOf>
</item>
<item>
     <link>https://amthucxeo.com/order</link>
     <title>Order - Ẩm Thực Xèo, Bánh Xèo Ngon Nhất Đà Nẵng, Bánh Xèo</title>
     <description>Order - Ẩm thực Xèo, nhà hàng Bành Xèo nỗi tiếng nhất Đà Thành, không gian đẹp, bánh xèo có có 1-0-2, đến đà nẵng ăn gì, món ngon đà nẵng</description>
     <ror:updatePeriod></ror:updatePeriod>
     <ror:sortOrder>1</ror:sortOrder>
     <ror:resourceOf>sitemap</ror:resourceOf>
</item>
<item>
     <link>https://amthucxeo.com/en/am-thuc-xeo</link>
     <title>Am Thuc Xeo</title>
     <description>Am Thuc Xeo</description>
     <ror:updatePeriod></ror:updatePeriod>
     <ror:sortOrder>2</ror:sortOrder>
     <ror:resourceOf>sitemap</ror:resourceOf>
</item>
<item>
     <link>https://amthucxeo.com/en/thuc-don</link>
     <title>Menu</title>
     <description>Menu</description>
     <ror:updatePeriod></ror:updatePeriod>
     <ror:sortOrder>2</ror:sortOrder>
     <ror:resourceOf>sitemap</ror:resourceOf>
</item>
<item>
     <link>https://amthucxeo.com/en/goi-tron</link>
     <title>Gỏi trộn</title>
     <description>Gỏi trộn</description>
     <ror:updatePeriod></ror:updatePeriod>
     <ror:sortOrder>2</ror:sortOrder>
     <ror:resourceOf>sitemap</ror:resourceOf>
</item>
<item>
     <link>https://amthucxeo.com/en/goi-cuon</link>
     <title>Gỏi cuốn</title>
     <description>Gỏi cuốn</description>
     <ror:updatePeriod></ror:updatePeriod>
     <ror:sortOrder>2</ror:sortOrder>
     <ror:resourceOf>sitemap</ror:resourceOf>
</item>
<item>
     <link>https://amthucxeo.com/en/banh-cuon</link>
     <title>Bánh cuốn</title>
     <description>Bánh cuốn</description>
     <ror:updatePeriod></ror:updatePeriod>
     <ror:sortOrder>2</ror:sortOrder>
     <ror:resourceOf>sitemap</ror:resourceOf>
</item>
<item>
     <link>https://amthucxeo.com/en/banh-xeo</link>
     <title>Bánh xèo</title>
     <description>Bánh xèo</description>
     <ror:updatePeriod></ror:updatePeriod>
     <ror:sortOrder>2</ror:sortOrder>
     <ror:resourceOf>sitemap</ror:resourceOf>
</item>
<item>
     <link>https://amthucxeo.com/en/bun-my-pho</link>
     <title>Bún mỳ phở</title>
     <description>Bún mỳ phở</description>
     <ror:updatePeriod></ror:updatePeriod>
     <ror:sortOrder>2</ror:sortOrder>
     <ror:resourceOf>sitemap</ror:resourceOf>
</item>
<item>
     <link>https://amthucxeo.com/en/com</link>
     <title>Cơm</title>
     <description>Cơm</description>
     <ror:updatePeriod></ror:updatePeriod>
     <ror:sortOrder>2</ror:sortOrder>
     <ror:resourceOf>sitemap</ror:resourceOf>
</item>
<item>
     <link>https://amthucxeo.com/en/canh</link>
     <title>Canh</title>
     <description>Canh</description>
     <ror:updatePeriod></ror:updatePeriod>
     <ror:sortOrder>2</ror:sortOrder>
     <ror:resourceOf>sitemap</ror:resourceOf>
</item>
<item>
     <link>https://amthucxeo.com/en/thuc-uong</link>
     <title>Thức uống</title>
     <description>Thức uống</description>
     <ror:updatePeriod></ror:updatePeriod>
     <ror:sortOrder>2</ror:sortOrder>
     <ror:resourceOf>sitemap</ror:resourceOf>
</item>
<item>
     <link>https://amthucxeo.com/en/trang-mieng</link>
     <title>Tráng miệng</title>
     <description>Tráng miệng</description>
     <ror:updatePeriod></ror:updatePeriod>
     <ror:sortOrder>2</ror:sortOrder>
     <ror:resourceOf>sitemap</ror:resourceOf>
</item>
<item>
     <link>https://amthucxeo.com/en/hinh-anh</link>
     <title>Image</title>
     <description>Image</description>
     <ror:updatePeriod></ror:updatePeriod>
     <ror:sortOrder>2</ror:sortOrder>
     <ror:resourceOf>sitemap</ror:resourceOf>
</item>
<item>
     <link>https://amthucxeo.com/en/video</link>
     <title>Video</title>
     <description>Video</description>
     <ror:updatePeriod></ror:updatePeriod>
     <ror:sortOrder>2</ror:sortOrder>
     <ror:resourceOf>sitemap</ror:resourceOf>
</item>
<item>
     <link>https://amthucxeo.com/en/tin-tuc</link>
     <title>News</title>
     <description>News</description>
     <ror:updatePeriod></ror:updatePeriod>
     <ror:sortOrder>2</ror:sortOrder>
     <ror:resourceOf>sitemap</ror:resourceOf>
</item>
<item>
     <link>https://amthucxeo.com/en/contact</link>
     <title>Contact - Ẩm Thực Xèo, Bánh Xèo Ngon Nhất Đà Nẵng, Bánh Xèo</title>
     <description>Contact - Ẩm thực Xèo, nhà hàng Bành Xèo nỗi tiếng nhất Đà Thành, không gian đẹp, bánh xèo có có 1-0-2, đến đà nẵng ăn gì, món ngon đà nẵng</description>
     <ror:updatePeriod></ror:updatePeriod>
     <ror:sortOrder>2</ror:sortOrder>
     <ror:resourceOf>sitemap</ror:resourceOf>
</item>
<item>
     <link>https://amthucxeo.com/en/den-da-nang-dung-quen-ghe-am-thuc-xeo</link>
     <title>Đến đà nẵng đừng quên ghé Ẩm Thực Xèo</title>
     <description>Đến đà nẵng đừng quên ghé Ẩm Thực Xèo</description>
     <ror:updatePeriod></ror:updatePeriod>
     <ror:sortOrder>2</ror:sortOrder>
     <ror:resourceOf>sitemap</ror:resourceOf>
</item>
<item>
     <link>https://amthucxeo.com/en/da-nang-xac-lap-ky-luc-banh-xeo-lon-nhat-vn</link>
     <title>Đà Nẵng xác lập kỷ lục Bánh Xèo lớn nhất VN</title>
     <description>Đà Nẵng xác lập kỷ lục Bánh Xèo lớn nhất VN</description>
     <ror:updatePeriod></ror:updatePeriod>
     <ror:sortOrder>2</ror:sortOrder>
     <ror:resourceOf>sitemap</ror:resourceOf>
</item>
<item>
     <link>https://amthucxeo.com/en/kham-pha-mien-am-thuc-phong-phu-da-nang</link>
     <title>Khám phá miền ẩm thực phong phú Đà Nẵng</title>
     <description>Khám phá miền ẩm thực phong phú Đà Nẵng</description>
     <ror:updatePeriod></ror:updatePeriod>
     <ror:sortOrder>2</ror:sortOrder>
     <ror:resourceOf>sitemap</ror:resourceOf>
</item>
<item>
     <link>https://amthucxeo.com/en/order</link>
     <title>Order - Ẩm Thực Xèo, Bánh Xèo Ngon Nhất Đà Nẵng, Bánh Xèo</title>
     <description>Order - Ẩm thực Xèo, nhà hàng Bành Xèo nỗi tiếng nhất Đà Thành, không gian đẹp, bánh xèo có có 1-0-2, đến đà nẵng ăn gì, món ngon đà nẵng</description>
     <ror:updatePeriod></ror:updatePeriod>
     <ror:sortOrder>2</ror:sortOrder>
     <ror:resourceOf>sitemap</ror:resourceOf>
</item>
<item>
     <link>https://amthucxeo.com/kr/am-thuc-xeo</link>
     <title>Am Thuc Xeo</title>
     <description>Am Thuc Xeo</description>
     <ror:updatePeriod></ror:updatePeriod>
     <ror:sortOrder>2</ror:sortOrder>
     <ror:resourceOf>sitemap</ror:resourceOf>
</item>
<item>
     <link>https://amthucxeo.com/kr/thuc-don</link>
     <title>메뉴</title>
     <description>메뉴</description>
     <ror:updatePeriod></ror:updatePeriod>
     <ror:sortOrder>2</ror:sortOrder>
     <ror:resourceOf>sitemap</ror:resourceOf>
</item>
<item>
     <link>https://amthucxeo.com/kr/goi-tron</link>
     <title>샐러드 믹스</title>
     <description>샐러드 믹스</description>
     <ror:updatePeriod></ror:updatePeriod>
     <ror:sortOrder>2</ror:sortOrder>
     <ror:resourceOf>sitemap</ror:resourceOf>
</item>
<item>
     <link>https://amthucxeo.com/kr/goi-cuon</link>
     <title>롤 샐러드</title>
     <description>롤 샐러드</description>
     <ror:updatePeriod></ror:updatePeriod>
     <ror:sortOrder>2</ror:sortOrder>
     <ror:resourceOf>sitemap</ror:resourceOf>
</item>
<item>
     <link>https://amthucxeo.com/kr/banh-cuon</link>
     <title>롤 케이크</title>
     <description>롤 케이크</description>
     <ror:updatePeriod></ror:updatePeriod>
     <ror:sortOrder>2</ror:sortOrder>
     <ror:resourceOf>sitemap</ror:resourceOf>
</item>
<item>
     <link>https://amthucxeo.com/kr/banh-xeo</link>
     <title>팬케이크</title>
     <description>팬케이크</description>
     <ror:updatePeriod></ror:updatePeriod>
     <ror:sortOrder>2</ror:sortOrder>
     <ror:resourceOf>sitemap</ror:resourceOf>
</item>
<item>
     <link>https://amthucxeo.com/kr/bun-my-pho</link>
     <title>롤빵 국수</title>
     <description>롤빵 국수</description>
     <ror:updatePeriod></ror:updatePeriod>
     <ror:sortOrder>2</ror:sortOrder>
     <ror:resourceOf>sitemap</ror:resourceOf>
</item>
<item>
     <link>https://amthucxeo.com/kr/com</link>
     <title>밥</title>
     <description>밥</description>
     <ror:updatePeriod></ror:updatePeriod>
     <ror:sortOrder>2</ror:sortOrder>
     <ror:resourceOf>sitemap</ror:resourceOf>
</item>
<item>
     <link>https://amthucxeo.com/kr/canh</link>
     <title>수프</title>
     <description>수프</description>
     <ror:updatePeriod></ror:updatePeriod>
     <ror:sortOrder>2</ror:sortOrder>
     <ror:resourceOf>sitemap</ror:resourceOf>
</item>
<item>
     <link>https://amthucxeo.com/kr/thuc-uong</link>
     <title>음료수</title>
     <description>음료수</description>
     <ror:updatePeriod></ror:updatePeriod>
     <ror:sortOrder>2</ror:sortOrder>
     <ror:resourceOf>sitemap</ror:resourceOf>
</item>
<item>
     <link>https://amthucxeo.com/kr/trang-mieng</link>
     <title>디저트</title>
     <description>디저트</description>
     <ror:updatePeriod></ror:updatePeriod>
     <ror:sortOrder>2</ror:sortOrder>
     <ror:resourceOf>sitemap</ror:resourceOf>
</item>
<item>
     <link>https://amthucxeo.com/kr/hinh-anh</link>
     <title>이미지</title>
     <description>이미지</description>
     <ror:updatePeriod></ror:updatePeriod>
     <ror:sortOrder>2</ror:sortOrder>
     <ror:resourceOf>sitemap</ror:resourceOf>
</item>
<item>
     <link>https://amthucxeo.com/kr/video</link>
     <title>비디오</title>
     <description>비디오</description>
     <ror:updatePeriod></ror:updatePeriod>
     <ror:sortOrder>2</ror:sortOrder>
     <ror:resourceOf>sitemap</ror:resourceOf>
</item>
<item>
     <link>https://amthucxeo.com/kr/tin-tuc</link>
     <title>뉴스</title>
     <description>뉴스</description>
     <ror:updatePeriod></ror:updatePeriod>
     <ror:sortOrder>2</ror:sortOrder>
     <ror:resourceOf>sitemap</ror:resourceOf>
</item>
<item>
     <link>https://amthucxeo.com/kr/contact</link>
     <title>Contact - Ẩm Thực Xèo, Bánh Xèo Ngon Nhất Đà Nẵng, Bánh Xèo</title>
     <description>Contact - Ẩm thực Xèo, nhà hàng Bành Xèo nỗi tiếng nhất Đà Thành, không gian đẹp, bánh xèo có có 1-0-2, đến đà nẵng ăn gì, món ngon đà nẵng</description>
     <ror:updatePeriod></ror:updatePeriod>
     <ror:sortOrder>2</ror:sortOrder>
     <ror:resourceOf>sitemap</ror:resourceOf>
</item>
<item>
     <link>https://amthucxeo.com/kr/den-da-nang-dung-quen-ghe-am-thuc-xeo</link>
     <title>Đến đà nẵng đừng quên ghé Ẩm Thực Xèo</title>
     <description>Đến đà nẵng đừng quên ghé Ẩm Thực Xèo</description>
     <ror:updatePeriod></ror:updatePeriod>
     <ror:sortOrder>2</ror:sortOrder>
     <ror:resourceOf>sitemap</ror:resourceOf>
</item>
<item>
     <link>https://amthucxeo.com/kr/da-nang-xac-lap-ky-luc-banh-xeo-lon-nhat-vn</link>
     <title>Đà Nẵng xác lập kỷ lục Bánh Xèo lớn nhất VN</title>
     <description>Đà Nẵng xác lập kỷ lục Bánh Xèo lớn nhất VN</description>
     <ror:updatePeriod></ror:updatePeriod>
     <ror:sortOrder>2</ror:sortOrder>
     <ror:resourceOf>sitemap</ror:resourceOf>
</item>
<item>
     <link>https://amthucxeo.com/kr/kham-pha-mien-am-thuc-phong-phu-da-nang</link>
     <title>Khám phá miền ẩm thực phong phú Đà Nẵng</title>
     <description>Khám phá miền ẩm thực phong phú Đà Nẵng</description>
     <ror:updatePeriod></ror:updatePeriod>
     <ror:sortOrder>2</ror:sortOrder>
     <ror:resourceOf>sitemap</ror:resourceOf>
</item>
<item>
     <link>https://amthucxeo.com/kr/order</link>
     <title>Order - Ẩm Thực Xèo, Bánh Xèo Ngon Nhất Đà Nẵng, Bánh Xèo</title>
     <description>Order - Ẩm thực Xèo, nhà hàng Bành Xèo nỗi tiếng nhất Đà Thành, không gian đẹp, bánh xèo có có 1-0-2, đến đà nẵng ăn gì, món ngon đà nẵng</description>
     <ror:updatePeriod></ror:updatePeriod>
     <ror:sortOrder>2</ror:sortOrder>
     <ror:resourceOf>sitemap</ror:resourceOf>
</item>
<item>
     <link>https://amthucxeo.com/cn/am-thuc-xeo</link>
     <title>Am Thuc Xeo</title>
     <description>Am Thuc Xeo</description>
     <ror:updatePeriod></ror:updatePeriod>
     <ror:sortOrder>2</ror:sortOrder>
     <ror:resourceOf>sitemap</ror:resourceOf>
</item>
<item>
     <link>https://amthucxeo.com/cn/thuc-don</link>
     <title>菜单</title>
     <description>菜单</description>
     <ror:updatePeriod></ror:updatePeriod>
     <ror:sortOrder>2</ror:sortOrder>
     <ror:resourceOf>sitemap</ror:resourceOf>
</item>
<item>
     <link>https://amthucxeo.com/cn/goi-tron</link>
     <title>沙拉混合</title>
     <description>沙拉混合</description>
     <ror:updatePeriod></ror:updatePeriod>
     <ror:sortOrder>2</ror:sortOrder>
     <ror:resourceOf>sitemap</ror:resourceOf>
</item>
<item>
     <link>https://amthucxeo.com/cn/goi-cuon</link>
     <title>卷沙拉</title>
     <description>卷沙拉</description>
     <ror:updatePeriod></ror:updatePeriod>
     <ror:sortOrder>2</ror:sortOrder>
     <ror:resourceOf>sitemap</ror:resourceOf>
</item>
<item>
     <link>https://amthucxeo.com/cn/banh-cuon</link>
     <title>卷蛋糕</title>
     <description>卷蛋糕</description>
     <ror:updatePeriod></ror:updatePeriod>
     <ror:sortOrder>2</ror:sortOrder>
     <ror:resourceOf>sitemap</ror:resourceOf>
</item>
<item>
     <link>https://amthucxeo.com/cn/banh-xeo</link>
     <title>煎饼</title>
     <description>煎饼</description>
     <ror:updatePeriod></ror:updatePeriod>
     <ror:sortOrder>2</ror:sortOrder>
     <ror:resourceOf>sitemap</ror:resourceOf>
</item>
<item>
     <link>https://amthucxeo.com/cn/bun-my-pho</link>
     <title>面条</title>
     <description>面条</description>
     <ror:updatePeriod></ror:updatePeriod>
     <ror:sortOrder>2</ror:sortOrder>
     <ror:resourceOf>sitemap</ror:resourceOf>
</item>
<item>
     <link>https://amthucxeo.com/cn/com</link>
     <title>饭</title>
     <description>饭</description>
     <ror:updatePeriod></ror:updatePeriod>
     <ror:sortOrder>2</ror:sortOrder>
     <ror:resourceOf>sitemap</ror:resourceOf>
</item>
<item>
     <link>https://amthucxeo.com/cn/canh</link>
     <title>汤</title>
     <description>汤</description>
     <ror:updatePeriod></ror:updatePeriod>
     <ror:sortOrder>2</ror:sortOrder>
     <ror:resourceOf>sitemap</ror:resourceOf>
</item>
<item>
     <link>https://amthucxeo.com/cn/thuc-uong</link>
     <title>饮料</title>
     <description>饮料</description>
     <ror:updatePeriod></ror:updatePeriod>
     <ror:sortOrder>2</ror:sortOrder>
     <ror:resourceOf>sitemap</ror:resourceOf>
</item>
<item>
     <link>https://amthucxeo.com/cn/trang-mieng</link>
     <title>甜点</title>
     <description>甜点</description>
     <ror:updatePeriod></ror:updatePeriod>
     <ror:sortOrder>2</ror:sortOrder>
     <ror:resourceOf>sitemap</ror:resourceOf>
</item>
<item>
     <link>https://amthucxeo.com/cn/hinh-anh</link>
     <title>图片</title>
     <description>图片</description>
     <ror:updatePeriod></ror:updatePeriod>
     <ror:sortOrder>2</ror:sortOrder>
     <ror:resourceOf>sitemap</ror:resourceOf>
</item>
<item>
     <link>https://amthucxeo.com/cn/video</link>
     <title>视频</title>
     <description>视频</description>
     <ror:updatePeriod></ror:updatePeriod>
     <ror:sortOrder>2</ror:sortOrder>
     <ror:resourceOf>sitemap</ror:resourceOf>
</item>
<item>
     <link>https://amthucxeo.com/cn/tin-tuc</link>
     <title>新闻</title>
     <description>新闻</description>
     <ror:updatePeriod></ror:updatePeriod>
     <ror:sortOrder>2</ror:sortOrder>
     <ror:resourceOf>sitemap</ror:resourceOf>
</item>
<item>
     <link>https://amthucxeo.com/cn/contact</link>
     <title>Contact - Ẩm Thực Xèo, Bánh Xèo Ngon Nhất Đà Nẵng, Bánh Xèo</title>
     <description>Contact - Ẩm thực Xèo, nhà hàng Bành Xèo nỗi tiếng nhất Đà Thành, không gian đẹp, bánh xèo có có 1-0-2, đến đà nẵng ăn gì, món ngon đà nẵng</description>
     <ror:updatePeriod></ror:updatePeriod>
     <ror:sortOrder>2</ror:sortOrder>
     <ror:resourceOf>sitemap</ror:resourceOf>
</item>
<item>
     <link>https://amthucxeo.com/cn/den-da-nang-dung-quen-ghe-am-thuc-xeo</link>
     <title>Đến đà nẵng đừng quên ghé Ẩm Thực Xèo</title>
     <description>Đến đà nẵng đừng quên ghé Ẩm Thực Xèo</description>
     <ror:updatePeriod></ror:updatePeriod>
     <ror:sortOrder>2</ror:sortOrder>
     <ror:resourceOf>sitemap</ror:resourceOf>
</item>
<item>
     <link>https://amthucxeo.com/cn/da-nang-xac-lap-ky-luc-banh-xeo-lon-nhat-vn</link>
     <title>Đà Nẵng xác lập kỷ lục Bánh Xèo lớn nhất VN</title>
     <description>Đà Nẵng xác lập kỷ lục Bánh Xèo lớn nhất VN</description>
     <ror:updatePeriod></ror:updatePeriod>
     <ror:sortOrder>2</ror:sortOrder>
     <ror:resourceOf>sitemap</ror:resourceOf>
</item>
<item>
     <link>https://amthucxeo.com/cn/kham-pha-mien-am-thuc-phong-phu-da-nang</link>
     <title>Khám phá miền ẩm thực phong phú Đà Nẵng</title>
     <description>Khám phá miền ẩm thực phong phú Đà Nẵng</description>
     <ror:updatePeriod></ror:updatePeriod>
     <ror:sortOrder>2</ror:sortOrder>
     <ror:resourceOf>sitemap</ror:resourceOf>
</item>
<item>
     <link>https://amthucxeo.com/cn/order</link>
     <title>Order - Ẩm Thực Xèo, Bánh Xèo Ngon Nhất Đà Nẵng, Bánh Xèo</title>
     <description>Order - Ẩm thực Xèo, nhà hàng Bành Xèo nỗi tiếng nhất Đà Thành, không gian đẹp, bánh xèo có có 1-0-2, đến đà nẵng ăn gì, món ngon đà nẵng</description>
     <ror:updatePeriod></ror:updatePeriod>
     <ror:sortOrder>2</ror:sortOrder>
     <ror:resourceOf>sitemap</ror:resourceOf>
</item>
<item>
     <link>https://amthucxeo.com/thuc-uong?p=2</link>
     <title>Thức uống</title>
     <description>Thức uống</description>
     <ror:updatePeriod></ror:updatePeriod>
     <ror:sortOrder>2</ror:sortOrder>
     <ror:resourceOf>sitemap</ror:resourceOf>
</item>
<item>
     <link>https://amthucxeo.com/miss-world</link>
     <title>Miss World</title>
     <description>Miss World</description>
     <ror:updatePeriod></ror:updatePeriod>
     <ror:sortOrder>2</ror:sortOrder>
     <ror:resourceOf>sitemap</ror:resourceOf>
</item>
<item>
     <link>https://amthucxeo.com/nguoi-mau-the-hinh-viet-nam-2019</link>
     <title>Người mẫu thể hình Việt Nam 2019</title>
     <description>Người mẫu thể hình Việt Nam 2019</description>
     <ror:updatePeriod></ror:updatePeriod>
     <ror:sortOrder>2</ror:sortOrder>
     <ror:resourceOf>sitemap</ror:resourceOf>
</item>
<item>
     <link>https://amthucxeo.com/trien-lam-hang-viet-da-nang</link>
     <title>Triển lãm hàng Việt Đà Nẵng</title>
     <description>Triển lãm hàng Việt Đà Nẵng</description>
     <ror:updatePeriod></ror:updatePeriod>
     <ror:sortOrder>2</ror:sortOrder>
     <ror:resourceOf>sitemap</ror:resourceOf>
</item>
<item>
     <link>https://amthucxeo.com/thuong-thuc-mon-ngon</link>
     <title>Thưởng thức món ngon</title>
     <description>Thưởng thức món ngon</description>
     <ror:updatePeriod></ror:updatePeriod>
     <ror:sortOrder>2</ror:sortOrder>
     <ror:resourceOf>sitemap</ror:resourceOf>
</item>
<item>
     <link>https://amthucxeo.com/khach-hang-cua-chung-toi</link>
     <title>Khách hàng của chúng tôi</title>
     <description>Khách hàng của chúng tôi</description>
     <ror:updatePeriod></ror:updatePeriod>
     <ror:sortOrder>2</ror:sortOrder>
     <ror:resourceOf>sitemap</ror:resourceOf>
</item>
<item>
     <link>https://amthucxeo.com/nhung-nguoi-ban-nghe-si</link>
     <title>Những người bạn nghệ sĩ</title>
     <description>Những người bạn nghệ sĩ</description>
     <ror:updatePeriod></ror:updatePeriod>
     <ror:sortOrder>2</ror:sortOrder>
     <ror:resourceOf>sitemap</ror:resourceOf>
</item>
<item>
     <link>https://amthucxeo.com/dac-san-banh-xeo-da-nang</link>
     <title>ĐẶC SẢN BÁNH XÈO ĐÀ NẴNG</title>
     <description>ĐẶC SẢN BÁNH XÈO ĐÀ NẴNG</description>
     <ror:updatePeriod></ror:updatePeriod>
     <ror:sortOrder>2</ror:sortOrder>
     <ror:resourceOf>sitemap</ror:resourceOf>
</item>
<item>
     <link>https://amthucxeo.com/banh-xeo-am-thuc-xeo</link>
     <title>BÁNH XÈO - ẨM THỰC XÈO</title>
     <description>BÁNH XÈO - ẨM THỰC XÈO</description>
     <ror:updatePeriod></ror:updatePeriod>
     <ror:sortOrder>2</ror:sortOrder>
     <ror:resourceOf>sitemap</ror:resourceOf>
</item>
<item>
     <link>https://amthucxeo.com/banh-xeo-rf9pu7n40t</link>
     <title>BÁNH XÈO</title>
     <description>BÁNH XÈO</description>
     <ror:updatePeriod></ror:updatePeriod>
     <ror:sortOrder>2</ror:sortOrder>
     <ror:resourceOf>sitemap</ror:resourceOf>
</item>
<item>
     <link>https://amthucxeo.com/banh-xeo-75-hoang-van-thu-da-nang</link>
     <title>BÁNH XÈO - 75 HOÀNG VĂN THỤ, ĐÀ NẴNG</title>
     <description>BÁNH XÈO - 75 HOÀNG VĂN THỤ, ĐÀ NẴNG</description>
     <ror:updatePeriod></ror:updatePeriod>
     <ror:sortOrder>2</ror:sortOrder>
     <ror:resourceOf>sitemap</ror:resourceOf>
</item>
<item>
     <link>https://amthucxeo.com/am-thuc-xeo-tri-an-khach-hang</link>
     <title>Ẩm Thực Xèo Tri Ân Khách Hàng</title>
     <description>Ẩm Thực Xèo Tri Ân Khách Hàng</description>
     <ror:updatePeriod></ror:updatePeriod>
     <ror:sortOrder>2</ror:sortOrder>
     <ror:resourceOf>sitemap</ror:resourceOf>
</item>
<item>
     <link>https://amthucxeo.com/tin-tuc-hoat-dong</link>
     <title>Tin tức hoạt động</title>
     <description>Tin tức hoạt động</description>
     <ror:updatePeriod></ror:updatePeriod>
     <ror:sortOrder>2</ror:sortOrder>
     <ror:resourceOf>sitemap</ror:resourceOf>
</item>
<item>
     <link>https://amthucxeo.com/order/</link>
     <title>Order - Ẩm Thực Xèo, Bánh Xèo Ngon Nhất Đà Nẵng, Bánh Xèo</title>
     <description>Order - Ẩm thực Xèo, nhà hàng Bành Xèo nỗi tiếng nhất Đà Thành, không gian đẹp, bánh xèo có có 1-0-2, đến đà nẵng ăn gì, món ngon đà nẵng</description>
     <ror:updatePeriod></ror:updatePeriod>
     <ror:sortOrder>2</ror:sortOrder>
     <ror:resourceOf>sitemap</ror:resourceOf>
</item>
<item>
     <link>https://amthucxeo.com/en/nguoi-mau-the-hinh-viet-nam-2019</link>
     <title>Người mẫu thể hình Việt Nam 2019</title>
     <description>Người mẫu thể hình Việt Nam 2019</description>
     <ror:updatePeriod></ror:updatePeriod>
     <ror:sortOrder>3</ror:sortOrder>
     <ror:resourceOf>sitemap</ror:resourceOf>
</item>
<item>
     <link>https://amthucxeo.com/en/trien-lam-hang-viet-da-nang</link>
     <title>Triển lãm hàng Việt Đà Nẵng</title>
     <description>Triển lãm hàng Việt Đà Nẵng</description>
     <ror:updatePeriod></ror:updatePeriod>
     <ror:sortOrder>3</ror:sortOrder>
     <ror:resourceOf>sitemap</ror:resourceOf>
</item>
<item>
     <link>https://amthucxeo.com/en/thuong-thuc-mon-ngon</link>
     <title>Thưởng thức món ngon</title>
     <description>Thưởng thức món ngon</description>
     <ror:updatePeriod></ror:updatePeriod>
     <ror:sortOrder>3</ror:sortOrder>
     <ror:resourceOf>sitemap</ror:resourceOf>
</item>
<item>
     <link>https://amthucxeo.com/en/khach-hang-cua-chung-toi</link>
     <title>Khách hàng của chúng tôi</title>
     <description>Khách hàng của chúng tôi</description>
     <ror:updatePeriod></ror:updatePeriod>
     <ror:sortOrder>3</ror:sortOrder>
     <ror:resourceOf>sitemap</ror:resourceOf>
</item>
<item>
     <link>https://amthucxeo.com/en/nhung-nguoi-ban-nghe-si</link>
     <title>Những người bạn nghệ sĩ</title>
     <description>Những người bạn nghệ sĩ</description>
     <ror:updatePeriod></ror:updatePeriod>
     <ror:sortOrder>3</ror:sortOrder>
     <ror:resourceOf>sitemap</ror:resourceOf>
</item>
<item>
     <link>https://amthucxeo.com/en/dac-san-banh-xeo-da-nang</link>
     <title>ĐẶC SẢN BÁNH XÈO ĐÀ NẴNG</title>
     <description>ĐẶC SẢN BÁNH XÈO ĐÀ NẴNG</description>
     <ror:updatePeriod></ror:updatePeriod>
     <ror:sortOrder>3</ror:sortOrder>
     <ror:resourceOf>sitemap</ror:resourceOf>
</item>
<item>
     <link>https://amthucxeo.com/en/banh-xeo-am-thuc-xeo</link>
     <title>BÁNH XÈO - ẨM THỰC XÈO</title>
     <description>BÁNH XÈO - ẨM THỰC XÈO</description>
     <ror:updatePeriod></ror:updatePeriod>
     <ror:sortOrder>3</ror:sortOrder>
     <ror:resourceOf>sitemap</ror:resourceOf>
</item>
<item>
     <link>https://amthucxeo.com/en/banh-xeo-rf9pu7n40t</link>
     <title>BÁNH XÈO</title>
     <description>BÁNH XÈO</description>
     <ror:updatePeriod></ror:updatePeriod>
     <ror:sortOrder>3</ror:sortOrder>
     <ror:resourceOf>sitemap</ror:resourceOf>
</item>
<item>
     <link>https://amthucxeo.com/en/banh-xeo-75-hoang-van-thu-da-nang</link>
     <title>BÁNH XÈO - 75 HOÀNG VĂN THỤ, ĐÀ NẴNG</title>
     <description>BÁNH XÈO - 75 HOÀNG VĂN THỤ, ĐÀ NẴNG</description>
     <ror:updatePeriod></ror:updatePeriod>
     <ror:sortOrder>3</ror:sortOrder>
     <ror:resourceOf>sitemap</ror:resourceOf>
</item>
<item>
     <link>https://amthucxeo.com/en/am-thuc-xeo-tri-an-khach-hang</link>
     <title>Ẩm Thực Xèo Tri Ân Khách Hàng</title>
     <description>Ẩm Thực Xèo Tri Ân Khách Hàng</description>
     <ror:updatePeriod></ror:updatePeriod>
     <ror:sortOrder>3</ror:sortOrder>
     <ror:resourceOf>sitemap</ror:resourceOf>
</item>
<item>
     <link>https://amthucxeo.com/en/news-activities</link>
     <title>News activities</title>
     <description>News activities</description>
     <ror:updatePeriod></ror:updatePeriod>
     <ror:sortOrder>3</ror:sortOrder>
     <ror:resourceOf>sitemap</ror:resourceOf>
</item>
<item>
     <link>https://amthucxeo.com/en/order/</link>
     <title>Order - Ẩm Thực Xèo, Bánh Xèo Ngon Nhất Đà Nẵng, Bánh Xèo</title>
     <description>Order - Ẩm thực Xèo, nhà hàng Bành Xèo nỗi tiếng nhất Đà Thành, không gian đẹp, bánh xèo có có 1-0-2, đến đà nẵng ăn gì, món ngon đà nẵng</description>
     <ror:updatePeriod></ror:updatePeriod>
     <ror:sortOrder>3</ror:sortOrder>
     <ror:resourceOf>sitemap</ror:resourceOf>
</item>
<item>
     <link>https://amthucxeo.com/kr/nguoi-mau-the-hinh-viet-nam-2019</link>
     <title>Người mẫu thể hình Việt Nam 2019</title>
     <description>Người mẫu thể hình Việt Nam 2019</description>
     <ror:updatePeriod></ror:updatePeriod>
     <ror:sortOrder>3</ror:sortOrder>
     <ror:resourceOf>sitemap</ror:resourceOf>
</item>
<item>
     <link>https://amthucxeo.com/kr/trien-lam-hang-viet-da-nang</link>
     <title>Triển lãm hàng Việt Đà Nẵng</title>
     <description>Triển lãm hàng Việt Đà Nẵng</description>
     <ror:updatePeriod></ror:updatePeriod>
     <ror:sortOrder>3</ror:sortOrder>
     <ror:resourceOf>sitemap</ror:resourceOf>
</item>
<item>
     <link>https://amthucxeo.com/kr/thuong-thuc-mon-ngon</link>
     <title>Thưởng thức món ngon</title>
     <description>Thưởng thức món ngon</description>
     <ror:updatePeriod></ror:updatePeriod>
     <ror:sortOrder>3</ror:sortOrder>
     <ror:resourceOf>sitemap</ror:resourceOf>
</item>
<item>
     <link>https://amthucxeo.com/kr/khach-hang-cua-chung-toi</link>
     <title>Khách hàng của chúng tôi</title>
     <description>Khách hàng của chúng tôi</description>
     <ror:updatePeriod></ror:updatePeriod>
     <ror:sortOrder>3</ror:sortOrder>
     <ror:resourceOf>sitemap</ror:resourceOf>
</item>
<item>
     <link>https://amthucxeo.com/kr/nhung-nguoi-ban-nghe-si</link>
     <title>Những người bạn nghệ sĩ</title>
     <description>Những người bạn nghệ sĩ</description>
     <ror:updatePeriod></ror:updatePeriod>
     <ror:sortOrder>3</ror:sortOrder>
     <ror:resourceOf>sitemap</ror:resourceOf>
</item>
<item>
     <link>https://amthucxeo.com/kr/dac-san-banh-xeo-da-nang</link>
     <title>ĐẶC SẢN BÁNH XÈO ĐÀ NẴNG</title>
     <description>ĐẶC SẢN BÁNH XÈO ĐÀ NẴNG</description>
     <ror:updatePeriod></ror:updatePeriod>
     <ror:sortOrder>3</ror:sortOrder>
     <ror:resourceOf>sitemap</ror:resourceOf>
</item>
<item>
     <link>https://amthucxeo.com/kr/banh-xeo-am-thuc-xeo</link>
     <title>BÁNH XÈO - ẨM THỰC XÈO</title>
     <description>BÁNH XÈO - ẨM THỰC XÈO</description>
     <ror:updatePeriod></ror:updatePeriod>
     <ror:sortOrder>3</ror:sortOrder>
     <ror:resourceOf>sitemap</ror:resourceOf>
</item>
<item>
     <link>https://amthucxeo.com/kr/banh-xeo-rf9pu7n40t</link>
     <title>BÁNH XÈO</title>
     <description>BÁNH XÈO</description>
     <ror:updatePeriod></ror:updatePeriod>
     <ror:sortOrder>3</ror:sortOrder>
     <ror:resourceOf>sitemap</ror:resourceOf>
</item>
<item>
     <link>https://amthucxeo.com/kr/banh-xeo-75-hoang-van-thu-da-nang</link>
     <title>BÁNH XÈO - 75 HOÀNG VĂN THỤ, ĐÀ NẴNG</title>
     <description>BÁNH XÈO - 75 HOÀNG VĂN THỤ, ĐÀ NẴNG</description>
     <ror:updatePeriod></ror:updatePeriod>
     <ror:sortOrder>3</ror:sortOrder>
     <ror:resourceOf>sitemap</ror:resourceOf>
</item>
<item>
     <link>https://amthucxeo.com/kr/am-thuc-xeo-tri-an-khach-hang</link>
     <title>Ẩm Thực Xèo Tri Ân Khách Hàng</title>
     <description>Ẩm Thực Xèo Tri Ân Khách Hàng</description>
     <ror:updatePeriod></ror:updatePeriod>
     <ror:sortOrder>3</ror:sortOrder>
     <ror:resourceOf>sitemap</ror:resourceOf>
</item>
<item>
     <link>https://amthucxeo.com/kr/news-activities</link>
     <title>News activities</title>
     <description>News activities</description>
     <ror:updatePeriod></ror:updatePeriod>
     <ror:sortOrder>3</ror:sortOrder>
     <ror:resourceOf>sitemap</ror:resourceOf>
</item>
<item>
     <link>https://amthucxeo.com/kr/order/</link>
     <title>Order - Ẩm Thực Xèo, Bánh Xèo Ngon Nhất Đà Nẵng, Bánh Xèo</title>
     <description>Order - Ẩm thực Xèo, nhà hàng Bành Xèo nỗi tiếng nhất Đà Thành, không gian đẹp, bánh xèo có có 1-0-2, đến đà nẵng ăn gì, món ngon đà nẵng</description>
     <ror:updatePeriod></ror:updatePeriod>
     <ror:sortOrder>3</ror:sortOrder>
     <ror:resourceOf>sitemap</ror:resourceOf>
</item>
<item>
     <link>https://amthucxeo.com/cn/nguoi-mau-the-hinh-viet-nam-2019</link>
     <title>Người mẫu thể hình Việt Nam 2019</title>
     <description>Người mẫu thể hình Việt Nam 2019</description>
     <ror:updatePeriod></ror:updatePeriod>
     <ror:sortOrder>3</ror:sortOrder>
     <ror:resourceOf>sitemap</ror:resourceOf>
</item>
<item>
     <link>https://amthucxeo.com/cn/trien-lam-hang-viet-da-nang</link>
     <title>Triển lãm hàng Việt Đà Nẵng</title>
     <description>Triển lãm hàng Việt Đà Nẵng</description>
     <ror:updatePeriod></ror:updatePeriod>
     <ror:sortOrder>3</ror:sortOrder>
     <ror:resourceOf>sitemap</ror:resourceOf>
</item>
<item>
     <link>https://amthucxeo.com/cn/thuong-thuc-mon-ngon</link>
     <title>Thưởng thức món ngon</title>
     <description>Thưởng thức món ngon</description>
     <ror:updatePeriod></ror:updatePeriod>
     <ror:sortOrder>3</ror:sortOrder>
     <ror:resourceOf>sitemap</ror:resourceOf>
</item>
<item>
     <link>https://amthucxeo.com/cn/khach-hang-cua-chung-toi</link>
     <title>Khách hàng của chúng tôi</title>
     <description>Khách hàng của chúng tôi</description>
     <ror:updatePeriod></ror:updatePeriod>
     <ror:sortOrder>3</ror:sortOrder>
     <ror:resourceOf>sitemap</ror:resourceOf>
</item>
<item>
     <link>https://amthucxeo.com/cn/nhung-nguoi-ban-nghe-si</link>
     <title>Những người bạn nghệ sĩ</title>
     <description>Những người bạn nghệ sĩ</description>
     <ror:updatePeriod></ror:updatePeriod>
     <ror:sortOrder>3</ror:sortOrder>
     <ror:resourceOf>sitemap</ror:resourceOf>
</item>
<item>
     <link>https://amthucxeo.com/cn/dac-san-banh-xeo-da-nang</link>
     <title>ĐẶC SẢN BÁNH XÈO ĐÀ NẴNG</title>
     <description>ĐẶC SẢN BÁNH XÈO ĐÀ NẴNG</description>
     <ror:updatePeriod></ror:updatePeriod>
     <ror:sortOrder>3</ror:sortOrder>
     <ror:resourceOf>sitemap</ror:resourceOf>
</item>
<item>
     <link>https://amthucxeo.com/cn/banh-xeo-am-thuc-xeo</link>
     <title>BÁNH XÈO - ẨM THỰC XÈO</title>
     <description>BÁNH XÈO - ẨM THỰC XÈO</description>
     <ror:updatePeriod></ror:updatePeriod>
     <ror:sortOrder>3</ror:sortOrder>
     <ror:resourceOf>sitemap</ror:resourceOf>
</item>
<item>
     <link>https://amthucxeo.com/cn/banh-xeo-rf9pu7n40t</link>
     <title>BÁNH XÈO</title>
     <description>BÁNH XÈO</description>
     <ror:updatePeriod></ror:updatePeriod>
     <ror:sortOrder>3</ror:sortOrder>
     <ror:resourceOf>sitemap</ror:resourceOf>
</item>
<item>
     <link>https://amthucxeo.com/cn/banh-xeo-75-hoang-van-thu-da-nang</link>
     <title>BÁNH XÈO - 75 HOÀNG VĂN THỤ, ĐÀ NẴNG</title>
     <description>BÁNH XÈO - 75 HOÀNG VĂN THỤ, ĐÀ NẴNG</description>
     <ror:updatePeriod></ror:updatePeriod>
     <ror:sortOrder>3</ror:sortOrder>
     <ror:resourceOf>sitemap</ror:resourceOf>
</item>
<item>
     <link>https://amthucxeo.com/cn/am-thuc-xeo-tri-an-khach-hang</link>
     <title>Ẩm Thực Xèo Tri Ân Khách Hàng</title>
     <description>Ẩm Thực Xèo Tri Ân Khách Hàng</description>
     <ror:updatePeriod></ror:updatePeriod>
     <ror:sortOrder>3</ror:sortOrder>
     <ror:resourceOf>sitemap</ror:resourceOf>
</item>
<item>
     <link>https://amthucxeo.com/cn/news-activities</link>
     <title>News activities</title>
     <description>News activities</description>
     <ror:updatePeriod></ror:updatePeriod>
     <ror:sortOrder>3</ror:sortOrder>
     <ror:resourceOf>sitemap</ror:resourceOf>
</item>
<item>
     <link>https://amthucxeo.com/cn/order/</link>
     <title>Order - Ẩm Thực Xèo, Bánh Xèo Ngon Nhất Đà Nẵng, Bánh Xèo</title>
     <description>Order - Ẩm thực Xèo, nhà hàng Bành Xèo nỗi tiếng nhất Đà Thành, không gian đẹp, bánh xèo có có 1-0-2, đến đà nẵng ăn gì, món ngon đà nẵng</description>
     <ror:updatePeriod></ror:updatePeriod>
     <ror:sortOrder>3</ror:sortOrder>
     <ror:resourceOf>sitemap</ror:resourceOf>
</item>
<item>
     <link>https://amthucxeo.com/thuc-uong?p=1</link>
     <title>Thức uống</title>
     <description>Thức uống</description>
     <ror:updatePeriod></ror:updatePeriod>
     <ror:sortOrder>3</ror:sortOrder>
     <ror:resourceOf>sitemap</ror:resourceOf>
</item>
<item>
     <link>https://amthucxeo.com/hinh-anh/thu-vien-hinh-anh</link>
     <title>Hình ảnh</title>
     <description>Hình ảnh</description>
     <ror:updatePeriod></ror:updatePeriod>
     <ror:sortOrder>3</ror:sortOrder>
     <ror:resourceOf>sitemap</ror:resourceOf>
</item>
<item>
     <link>https://amthucxeo.com/video/thu-vien-video</link>
     <title>Video</title>
     <description>Video</description>
     <ror:updatePeriod></ror:updatePeriod>
     <ror:sortOrder>3</ror:sortOrder>
     <ror:resourceOf>sitemap</ror:resourceOf>
</item>
<item>
     <link>https://amthucxeo.com/en/hinh-anh/thu-vien-hinh-anh</link>
     <title>Image</title>
     <description>Image</description>
     <ror:updatePeriod></ror:updatePeriod>
     <ror:sortOrder>4</ror:sortOrder>
     <ror:resourceOf>sitemap</ror:resourceOf>
</item>
<item>
     <link>https://amthucxeo.com/en/video/thu-vien-video</link>
     <title>Video</title>
     <description>Video</description>
     <ror:updatePeriod></ror:updatePeriod>
     <ror:sortOrder>4</ror:sortOrder>
     <ror:resourceOf>sitemap</ror:resourceOf>
</item>
<item>
     <link>https://amthucxeo.com/kr/hinh-anh/thu-vien-hinh-anh</link>
     <title>이미지</title>
     <description>이미지</description>
     <ror:updatePeriod></ror:updatePeriod>
     <ror:sortOrder>4</ror:sortOrder>
     <ror:resourceOf>sitemap</ror:resourceOf>
</item>
<item>
     <link>https://amthucxeo.com/kr/video/thu-vien-video</link>
     <title>비디오</title>
     <description>비디오</description>
     <ror:updatePeriod></ror:updatePeriod>
     <ror:sortOrder>4</ror:sortOrder>
     <ror:resourceOf>sitemap</ror:resourceOf>
</item>
<item>
     <link>https://amthucxeo.com/cn/hinh-anh/thu-vien-hinh-anh</link>
     <title>图片</title>
     <description>图片</description>
     <ror:updatePeriod></ror:updatePeriod>
     <ror:sortOrder>4</ror:sortOrder>
     <ror:resourceOf>sitemap</ror:resourceOf>
</item>
<item>
     <link>https://amthucxeo.com/cn/video/thu-vien-video</link>
     <title>视频</title>
     <description>视频</description>
     <ror:updatePeriod></ror:updatePeriod>
     <ror:sortOrder>4</ror:sortOrder>
     <ror:resourceOf>sitemap</ror:resourceOf>
</item>
</channel>
</rss>
  